model,horizon_minutes,station_id,n_predictions,accuracy_macro_station_pct,wape_all_rows_pct,mae
hist_gradient_boosting,15,ALL,8064,86.377855,13.362919,48.505937
hist_gradient_boosting,15,02300,672,84.636551,15.363449,46.745350
hist_gradient_boosting,15,03000,672,86.678195,13.321805,35.316065
hist_gradient_boosting,15,05000,672,87.220882,12.779118,44.069700
hist_gradient_boosting,15,05100,672,88.276103,11.723897,70.481730
hist_gradient_boosting,15,06000,672,86.495069,13.504931,69.488095
hist_gradient_boosting,15,06111,672,85.693465,14.306535,35.104446
hist_gradient_boosting,15,07105,672,85.704871,14.295129,39.452853
hist_gradient_boosting,15,07107,672,86.165216,13.834784,40.389951
hist_gradient_boosting,15,07111,672,87.627781,12.372219,85.699160
hist_gradient_boosting,15,09000,672,86.130528,13.869472,30.987951
hist_gradient_boosting,15,09122,672,86.569716,13.430284,34.168281
hist_gradient_boosting,15,10009,672,85.335878,14.664122,50.167664
hist_gradient_boosting,30,ALL,8064,86.130533,13.561124,49.225402
hist_gradient_boosting,30,02300,672,83.967164,16.032836,48.782052
hist_gradient_boosting,30,03000,672,86.524475,13.475525,35.723578
hist_gradient_boosting,30,05000,672,87.032041,12.967959,44.720932
hist_gradient_boosting,30,05100,672,88.233013,11.766987,70.740778
hist_gradient_boosting,30,06000,672,86.624354,13.375646,68.822873
hist_gradient_boosting,30,06111,672,85.657779,14.342221,35.192012
hist_gradient_boosting,30,07105,672,85.204914,14.795086,40.832676
hist_gradient_boosting,30,07107,672,85.853929,14.146071,41.298738
hist_gradient_boosting,30,07111,672,87.492474,12.507526,86.636392
hist_gradient_boosting,30,09000,672,85.535859,14.464141,32.316593
hist_gradient_boosting,30,09122,672,86.239909,13.760091,35.007350
hist_gradient_boosting,30,10009,672,85.200489,14.799511,50.630845
hist_gradient_boosting,45,ALL,8064,85.567047,14.037078,50.953061
hist_gradient_boosting,45,02300,672,83.397009,16.602991,50.516823
hist_gradient_boosting,45,03000,672,86.014848,13.985152,37.074595
hist_gradient_boosting,45,05000,672,86.219481,13.780519,47.523105
hist_gradient_boosting,45,05100,672,88.189274,11.810726,71.003730
hist_gradient_boosting,45,06000,672,86.252058,13.747942,70.738483
hist_gradient_boosting,45,06111,672,84.815447,15.184553,37.258871
hist_gradient_boosting,45,07105,672,84.178303,15.821697,43.666000
hist_gradient_boosting,45,07107,672,85.046051,14.953949,43.657298
hist_gradient_boosting,45,07111,672,87.304230,12.695770,87.940312
hist_gradient_boosting,45,09000,672,85.113838,14.886162,33.259497
hist_gradient_boosting,45,09122,672,85.292973,14.707027,37.416472
hist_gradient_boosting,45,10009,672,84.981057,15.018943,51.381547
hist_gradient_boosting,60,ALL,8064,84.971993,14.580474,52.925531
hist_gradient_boosting,60,02300,672,82.334387,17.665613,53.749994
hist_gradient_boosting,60,03000,672,85.127969,14.872031,39.425711
hist_gradient_boosting,60,05000,672,85.989656,14.010344,48.315671
hist_gradient_boosting,60,05100,672,87.519225,12.480775,75.031928
hist_gradient_boosting,60,06000,672,86.168476,13.831524,71.168544
hist_gradient_boosting,60,06111,672,84.409328,15.590672,38.255380
hist_gradient_boosting,60,07105,672,84.396641,15.603359,43.063412
hist_gradient_boosting,60,07107,672,84.274214,15.725786,45.910638
hist_gradient_boosting,60,07111,672,86.916802,13.083198,90.623925
hist_gradient_boosting,60,09000,672,83.954299,16.045701,35.850203
hist_gradient_boosting,60,09122,672,84.259050,15.740950,40.046898
hist_gradient_boosting,60,10009,672,84.313871,15.686129,53.664069
persistence,15,ALL,8064,82.579012,17.293990,62.775298
persistence,15,02300,672,79.427775,20.572225,62.593750
persistence,15,03000,672,82.191112,17.808888,47.211310
persistence,15,05000,672,82.250242,17.749758,61.211310
persistence,15,05100,672,84.167300,15.832700,95.183036
persistence,15,06000,672,81.869740,18.130260,93.287202
persistence,15,06111,672,83.655870,16.344130,40.104167
persistence,15,07105,672,82.944938,17.055062,47.069940
persistence,15,07107,672,84.814488,15.185512,44.333333
persistence,15,07111,672,83.142239,16.857761,116.769345
persistence,15,09000,672,81.628059,18.371941,41.047619
persistence,15,09122,672,82.054807,17.945193,45.654762
persistence,15,10009,672,82.801578,17.198422,58.837798
persistence,30,ALL,8064,77.939260,21.871490,79.391121
persistence,30,02300,672,73.510381,26.489619,80.598214
persistence,30,03000,672,75.578595,24.421405,64.741071
persistence,30,05000,672,75.691280,24.308720,83.830357
persistence,30,05100,672,79.306325,20.693675,124.406250
persistence,30,06000,672,78.024698,21.975302,113.071429
persistence,30,06111,672,81.434402,18.565598,45.555060
persistence,30,07105,672,80.751521,19.248479,53.123512
persistence,30,07107,672,83.015694,16.984306,49.584821
persistence,30,07111,672,78.640405,21.359595,147.952381
persistence,30,09000,672,75.138203,24.861797,55.547619
persistence,30,09122,672,74.373702,25.626298,65.196429
persistence,30,10009,672,79.805915,20.194085,69.086310
persistence,45,ALL,8064,71.870542,27.988169,101.593998
persistence,45,02300,672,65.524662,34.475338,104.895833
persistence,45,03000,672,68.247009,31.752991,84.177083
persistence,45,05000,672,67.570250,32.429750,111.836310
persistence,45,05100,672,72.827747,27.172253,163.354167
persistence,45,06000,672,71.176505,28.823495,148.308036
persistence,45,06111,672,77.957560,22.042440,54.086310
persistence,45,07105,672,76.377087,23.622913,65.196429
persistence,45,07107,672,79.726995,20.273005,59.186012
persistence,45,07111,672,72.582104,27.417896,189.916667
persistence,45,09000,672,67.350242,32.649758,72.947917
persistence,45,09122,672,66.457462,33.542538,85.336310
persistence,45,10009,672,76.648876,23.351124,79.886905
persistence,60,ALL,8064,65.475538,34.400631,124.870536
persistence,60,02300,672,56.407209,43.592791,132.636905
persistence,60,03000,672,60.040865,39.959135,105.931548
persistence,60,05000,672,58.953846,41.046154,141.550595
persistence,60,05100,672,66.050897,33.949103,204.095238
persistence,60,06000,672,65.457674,34.542326,177.733631
persistence,60,06111,672,74.785768,25.214232,61.869048
persistence,60,07105,672,72.644287,27.355713,75.498512
persistence,60,07107,672,75.977511,24.022489,70.132440
persistence,60,07111,672,66.021737,33.978263,235.358631
persistence,60,09000,672,59.382451,40.617549,90.750000
persistence,60,09122,672,58.218349,41.781651,106.297619
persistence,60,10009,672,71.765862,28.234138,96.592262
ridge,15,ALL,8064,83.673174,15.822352,57.433411
ridge,15,02300,672,80.982583,19.017417,57.863037
ridge,15,03000,672,84.993156,15.006844,39.783100
ridge,15,05000,672,85.354427,14.645573,50.506305
ridge,15,05100,672,86.638640,13.361360,80.325830
ridge,15,06000,672,85.401718,14.598282,75.113811
ridge,15,06111,672,82.460207,17.539793,43.038007
ridge,15,07105,672,81.418121,18.581879,51.283773
ridge,15,07107,672,82.444645,17.555355,51.251971
ridge,15,07111,672,85.762957,14.237043,98.616312
ridge,15,09000,672,83.628253,16.371747,36.578673
ridge,15,09122,672,82.985512,17.014488,43.286934
ridge,15,10009,672,82.007865,17.992135,61.553184
ridge,30,ALL,8064,83.638916,15.904296,57.730859
ridge,30,02300,672,81.180594,18.819406,57.260564
ridge,30,03000,672,84.859020,15.140980,40.138694
ridge,30,05000,672,85.718626,14.281374,49.250339
ridge,30,05100,672,86.362711,13.637289,81.984660
ridge,30,06000,672,85.186295,14.813705,76.222242
ridge,30,06111,672,82.429513,17.570487,43.113321
ridge,30,07105,672,81.711244,18.288756,50.474788
ridge,30,07107,672,82.551766,17.448234,50.939236
ridge,30,07111,672,85.435250,14.564750,100.886255
ridge,30,09000,672,83.704741,16.295259,36.407778
ridge,30,09122,672,82.595070,17.404930,44.280265
ridge,30,10009,672,81.932163,18.067837,61.812168
ridge,45,ALL,8064,82.759438,16.789999,60.945864
ridge,45,02300,672,80.199502,19.800498,60.245667
ridge,45,03000,672,83.694218,16.305782,43.226579
ridge,45,05000,672,83.669945,16.330055,56.315362
ridge,45,05100,672,85.441140,14.558860,87.524964
ridge,45,06000,672,84.457128,15.542872,79.974090
ridge,45,06111,672,82.354717,17.645283,43.296851
ridge,45,07105,672,80.777221,19.222779,53.052582
ridge,45,07107,672,82.356522,17.643478,51.509240
ridge,45,07111,672,84.449648,15.550352,107.713261
ridge,45,09000,672,82.201216,17.798784,39.767040
ridge,45,09122,672,81.636177,18.363823,46.719806
ridge,45,10009,672,81.875819,18.124181,62.004926
ridge,60,ALL,8064,81.376166,18.246064,66.231221
ridge,60,02300,672,78.399179,21.600821,65.723391
ridge,60,03000,672,81.503032,18.496968,49.035407
ridge,60,05000,672,81.465359,18.534641,63.918033
ridge,60,05100,672,83.673512,16.326488,98.151592
ridge,60,06000,672,83.230949,16.769051,86.283254
ridge,60,06111,672,82.051477,17.948523,44.040922
ridge,60,07105,672,81.078162,18.921838,52.222020
ridge,60,07107,672,81.638584,18.361416,53.605225
ridge,60,07111,672,82.599659,17.400341,120.527657
ridge,60,09000,672,80.565316,19.434684,43.422059
ridge,60,09122,672,79.540086,20.459914,52.052518
ridge,60,10009,672,80.768680,19.231320,65.792579
seasonal_naive_96,15,ALL,8064,77.890825,21.003340,76.239831
seasonal_naive_96,15,02300,672,69.388404,30.611596,93.139881
seasonal_naive_96,15,03000,672,82.891096,17.108904,45.355655
seasonal_naive_96,15,05000,672,82.803438,17.196562,59.303571
seasonal_naive_96,15,05100,672,83.102925,16.897075,101.581845
seasonal_naive_96,15,06000,672,81.999595,18.000405,92.619048
seasonal_naive_96,15,06111,672,70.042028,29.957972,73.508929
seasonal_naive_96,15,07105,672,79.745395,20.254605,55.900298
seasonal_naive_96,15,07107,672,70.077528,29.922472,87.357143
seasonal_naive_96,15,07111,672,82.438875,17.561125,121.641369
seasonal_naive_96,15,09000,672,81.388286,18.611714,41.583333
seasonal_naive_96,15,09122,672,71.049045,28.950955,73.654762
seasonal_naive_96,15,10009,672,79.763287,20.236713,69.232143
seasonal_naive_96,30,ALL,8064,77.890825,21.003340,76.239831
seasonal_naive_96,30,02300,672,69.388404,30.611596,93.139881
seasonal_naive_96,30,03000,672,82.891096,17.108904,45.355655
seasonal_naive_96,30,05000,672,82.803438,17.196562,59.303571
seasonal_naive_96,30,05100,672,83.102925,16.897075,101.581845
seasonal_naive_96,30,06000,672,81.999595,18.000405,92.619048
seasonal_naive_96,30,06111,672,70.042028,29.957972,73.508929
seasonal_naive_96,30,07105,672,79.745395,20.254605,55.900298
seasonal_naive_96,30,07107,672,70.077528,29.922472,87.357143
seasonal_naive_96,30,07111,672,82.438875,17.561125,121.641369
seasonal_naive_96,30,09000,672,81.388286,18.611714,41.583333
seasonal_naive_96,30,09122,672,71.049045,28.950955,73.654762
seasonal_naive_96,30,10009,672,79.763287,20.236713,69.232143
seasonal_naive_96,45,ALL,8064,77.890825,21.003340,76.239831
seasonal_naive_96,45,02300,672,69.388404,30.611596,93.139881
seasonal_naive_96,45,03000,672,82.891096,17.108904,45.355655
seasonal_naive_96,45,05000,672,82.803438,17.196562,59.303571
seasonal_naive_96,45,05100,672,83.102925,16.897075,101.581845
seasonal_naive_96,45,06000,672,81.999595,18.000405,92.619048
seasonal_naive_96,45,06111,672,70.042028,29.957972,73.508929
seasonal_naive_96,45,07105,672,79.745395,20.254605,55.900298
seasonal_naive_96,45,07107,672,70.077528,29.922472,87.357143
seasonal_naive_96,45,07111,672,82.438875,17.561125,121.641369
seasonal_naive_96,45,09000,672,81.388286,18.611714,41.583333
seasonal_naive_96,45,09122,672,71.049045,28.950955,73.654762
seasonal_naive_96,45,10009,672,79.763287,20.236713,69.232143
seasonal_naive_96,60,ALL,8064,77.890825,21.003340,76.239831
seasonal_naive_96,60,02300,672,69.388404,30.611596,93.139881
seasonal_naive_96,60,03000,672,82.891096,17.108904,45.355655
seasonal_naive_96,60,05000,672,82.803438,17.196562,59.303571
seasonal_naive_96,60,05100,672,83.102925,16.897075,101.581845
seasonal_naive_96,60,06000,672,81.999595,18.000405,92.619048
seasonal_naive_96,60,06111,672,70.042028,29.957972,73.508929
seasonal_naive_96,60,07105,672,79.745395,20.254605,55.900298
seasonal_naive_96,60,07107,672,70.077528,29.922472,87.357143
seasonal_naive_96,60,07111,672,82.438875,17.561125,121.641369
seasonal_naive_96,60,09000,672,81.388286,18.611714,41.583333
seasonal_naive_96,60,09122,672,71.049045,28.950955,73.654762
seasonal_naive_96,60,10009,672,79.763287,20.236713,69.232143
hist_gradient_boosting,0,ALL,32256,85.761857,13.885399,50.402483
hist_gradient_boosting,0,02300,2688,83.583778,16.416222,49.948555
hist_gradient_boosting,0,03000,2688,86.086372,13.913628,36.884987
hist_gradient_boosting,0,05000,2688,86.615515,13.384485,46.157352
hist_gradient_boosting,0,05100,2688,88.054404,11.945596,71.814541
hist_gradient_boosting,0,06000,2688,86.384989,13.615011,70.054499
hist_gradient_boosting,0,06111,2688,85.144005,14.855995,36.452677
hist_gradient_boosting,0,07105,2688,84.871182,15.128818,41.753736
hist_gradient_boosting,0,07107,2688,85.334852,14.665148,42.814156
hist_gradient_boosting,0,07111,2688,87.335322,12.664678,87.724947
hist_gradient_boosting,0,09000,2688,85.183631,14.816369,33.103561
hist_gradient_boosting,0,09122,2688,85.590412,14.409588,36.659750
hist_gradient_boosting,0,10009,2688,84.957824,15.042176,51.461031
persistence,0,ALL,32256,74.466088,25.388570,92.157738
persistence,0,02300,2688,68.717507,31.282493,95.181176
persistence,0,03000,2688,71.514395,28.485605,75.515253
persistence,0,05000,2688,71.116404,28.883596,99.607143
persistence,0,05100,2688,75.588067,24.411933,146.759673
persistence,0,06000,2688,74.132154,25.867846,133.100074
persistence,0,06111,2688,79.458400,20.541600,50.403646
persistence,0,07105,2688,78.179458,21.820542,60.222098
persistence,0,07107,2688,80.883672,19.116328,55.809152
persistence,0,07111,2688,75.096621,24.903379,172.499256
persistence,0,09000,2688,70.874739,29.125261,65.073289
persistence,0,09122,2688,70.276080,29.723920,75.621280
persistence,0,10009,2688,77.755558,22.244442,76.100818
ridge,0,ALL,32256,82.861923,16.690678,60.585339
ridge,0,02300,2688,80.190465,19.809535,60.273165
ridge,0,03000,2688,83.762356,16.237644,43.045945
ridge,0,05000,2688,84.052089,15.947911,54.997510
ridge,0,05100,2688,85.529001,14.470999,86.996762
ridge,0,06000,2688,84.569023,15.430977,79.398349
ridge,0,06111,2688,82.323978,17.676022,43.372275
ridge,0,07105,2688,81.246187,18.753813,51.758291
ridge,0,07107,2688,82.247879,17.752121,51.826418
ridge,0,07111,2688,84.561878,15.438122,106.935871
ridge,0,09000,2688,82.524882,17.475118,39.043887
ridge,0,09122,2688,81.689211,18.310789,46.584881
ridge,0,10009,2688,81.646132,18.353868,62.790714
seasonal_naive_96,0,ALL,32256,77.890825,21.003340,76.239831
seasonal_naive_96,0,02300,2688,69.388404,30.611596,93.139881
seasonal_naive_96,0,03000,2688,82.891096,17.108904,45.355655
seasonal_naive_96,0,05000,2688,82.803438,17.196562,59.303571
seasonal_naive_96,0,05100,2688,83.102925,16.897075,101.581845
seasonal_naive_96,0,06000,2688,81.999595,18.000405,92.619048
seasonal_naive_96,0,06111,2688,70.042028,29.957972,73.508929
seasonal_naive_96,0,07105,2688,79.745395,20.254605,55.900298
seasonal_naive_96,0,07107,2688,70.077528,29.922472,87.357143
seasonal_naive_96,0,07111,2688,82.438875,17.561125,121.641369
seasonal_naive_96,0,09000,2688,81.388286,18.611714,41.583333
seasonal_naive_96,0,09122,2688,71.049045,28.950955,73.654762
seasonal_naive_96,0,10009,2688,79.763287,20.236713,69.232143
